{"_wandb":{"runtime":3635},"train/epoch":1,"train/global_step":825,"train/learning_rate":1.5757575757575759e-06,"eval/samples_per_second":23.414,"train_runtime":1958.5965,"train/loss":3.3448,"eval/steps_per_second":2.937,"train_steps_per_second":0.421,"_runtime":3635,"_step":17,"eval/runtime":60.947,"_timestamp":1.763342812981228e+09,"total_flos":1.2253276963602432e+16,"train_loss":3.3836967791933,"train_samples_per_second":6.736,"train/grad_norm":1.2070670127868652,"eval/loss":3.2843072414398193}